<?xml version="1.0" encoding="UTF-8"?>
<spirit:component xmlns:xilinx="http://www.xilinx.com" xmlns:spirit="http://www.spiritconsortium.org/XMLSchema/SPIRIT/1685-2009" xmlns:xsi="http://www.w3.org/2001/XMLSchema-instance">
  <spirit:vendor>xilinx.com</spirit:vendor>
  <spirit:library>user</spirit:library>
  <spirit:name>ClockDivider</spirit:name>
  <spirit:version>1.0</spirit:version>
  <spirit:model>
    <spirit:views>
      <spirit:view>
        <spirit:name>xilinx_anylanguagesynthesis</spirit:name>
        <spirit:displayName>Synthesis</spirit:displayName>
        <spirit:envIdentifier>:vivado.xilinx.com:synthesis</spirit:envIdentifier>
        <spirit:language>VHDL</spirit:language>
        <spirit:modelName>ClockDivider</spirit:modelName>
        <spirit:fileSetRef>
          <spirit:localName>xilinx_anylanguagesynthesis_view_fileset</spirit:localName>
        </spirit:fileSetRef>
        <spirit:parameters>
          <spirit:parameter>
            <spirit:name>viewChecksum</spirit:name>
            <spirit:value>500f2bef</spirit:value>
          </spirit:parameter>
        </spirit:parameters>
      </spirit:view>
      <spirit:view>
        <spirit:name>xilinx_anylanguagebehavioralsimulation</spirit:name>
        <spirit:displayName>Simulation</spirit:displayName>
        <spirit:envIdentifier>:vivado.xilinx.com:simulation</spirit:envIdentifier>
        <spirit:language>VHDL</spirit:language>
        <spirit:modelName>ClockDivider</spirit:modelName>
        <spirit:fileSetRef>
          <spirit:localName>xilinx_anylanguagebehavioralsimulation_view_fileset</spirit:localName>
        </spirit:fileSetRef>
        <spirit:parameters>
          <spirit:parameter>
            <spirit:name>viewChecksum</spirit:name>
            <spirit:value>500f2bef</spirit:value>
          </spirit:parameter>
        </spirit:parameters>
      </spirit:view>
      <spirit:view>
        <spirit:name>xilinx_xpgui</spirit:name>
        <spirit:displayName>UI Layout</spirit:displayName>
        <spirit:envIdentifier>:vivado.xilinx.com:xgui.ui</spirit:envIdentifier>
        <spirit:fileSetRef>
          <spirit:localName>xilinx_xpgui_view_fileset</spirit:localName>
        </spirit:fileSetRef>
        <spirit:parameters>
          <spirit:parameter>
            <spirit:name>viewChecksum</spirit:name>
            <spirit:value>c5294ac1</spirit:value>
          </spirit:parameter>
        </spirit:parameters>
      </spirit:view>
    </spirit:views>
    <spirit:ports>
      <spirit:port>
        <spirit:name>clk_in</spirit:name>
        <spirit:wire>
          <spirit:direction>in</spirit:direction>
          <spirit:wireTypeDefs>
            <spirit:wireTypeDef>
              <spirit:typeName>std_logic</spirit:typeName>
              <spirit:viewNameRef>xilinx_anylanguagesynthesis</spirit:viewNameRef>
              <spirit:viewNameRef>xilinx_anylanguagebehavioralsimulation</spirit:viewNameRef>
            </spirit:wireTypeDef>
          </spirit:wireTypeDefs>
        </spirit:wire>
      </spirit:port>
      <spirit:port>
        <spirit:name>fr_out</spirit:name>
        <spirit:wire>
          <spirit:direction>in</spirit:direction>
          <spirit:vector>
            <spirit:left spirit:format="long">3</spirit:left>
            <spirit:right spirit:format="long">0</spirit:right>
          </spirit:vector>
          <spirit:wireTypeDefs>
            <spirit:wireTypeDef>
              <spirit:typeName>std_logic_vector</spirit:typeName>
              <spirit:viewNameRef>xilinx_anylanguagesynthesis</spirit:viewNameRef>
              <spirit:viewNameRef>xilinx_anylanguagebehavioralsimulation</spirit:viewNameRef>
            </spirit:wireTypeDef>
          </spirit:wireTypeDefs>
        </spirit:wire>
      </spirit:port>
      <spirit:port>
        <spirit:name>clk_out</spirit:name>
        <spirit:wire>
          <spirit:direction>out</spirit:direction>
          <spirit:wireTypeDefs>
            <spirit:wireTypeDef>
              <spirit:typeName>std_logic</spirit:typeName>
              <spirit:viewNameRef>xilinx_anylanguagesynthesis</spirit:viewNameRef>
              <spirit:viewNameRef>xilinx_anylanguagebehavioralsimulation</spirit:viewNameRef>
            </spirit:wireTypeDef>
          </spirit:wireTypeDefs>
        </spirit:wire>
      </spirit:port>
    </spirit:ports>
    <spirit:modelParameters>
      <spirit:modelParameter xsi:type="spirit:nameValueTypeType" spirit:dataType="integer">
        <spirit:name>FREQ_IN</spirit:name>
        <spirit:displayName>Freq In</spirit:displayName>
        <spirit:value spirit:format="long" spirit:resolve="generated" spirit:id="MODELPARAM_VALUE.FREQ_IN">125000000</spirit:value>
      </spirit:modelParameter>
    </spirit:modelParameters>
  </spirit:model>
  <spirit:fileSets>
    <spirit:fileSet>
      <spirit:name>xilinx_anylanguagesynthesis_view_fileset</spirit:name>
      <spirit:file>
        <spirit:name>ClockDivider.vhd</spirit:name>
        <spirit:fileType>vhdlSource</spirit:fileType>
        <spirit:userFileType>CHECKSUM_500f2bef</spirit:userFileType>
      </spirit:file>
    </spirit:fileSet>
    <spirit:fileSet>
      <spirit:name>xilinx_anylanguagebehavioralsimulation_view_fileset</spirit:name>
      <spirit:file>
        <spirit:name>ClockDivider.vhd</spirit:name>
        <spirit:fileType>vhdlSource</spirit:fileType>
      </spirit:file>
    </spirit:fileSet>
    <spirit:fileSet>
      <spirit:name>xilinx_xpgui_view_fileset</spirit:name>
      <spirit:file>
        <spirit:name>xgui/ClockDivider_v1_0.tcl</spirit:name>
        <spirit:fileType>tclSource</spirit:fileType>
        <spirit:userFileType>CHECKSUM_c5294ac1</spirit:userFileType>
        <spirit:userFileType>XGUI_VERSION_2</spirit:userFileType>
      </spirit:file>
    </spirit:fileSet>
  </spirit:fileSets>
  <spirit:description>ClockDivider_v1_0</spirit:description>
  <spirit:parameters>
    <spirit:parameter>
      <spirit:name>FREQ_IN</spirit:name>
      <spirit:displayName>Freq In</spirit:displayName>
      <spirit:value spirit:format="long" spirit:resolve="user" spirit:id="PARAM_VALUE.FREQ_IN">125000000</spirit:value>
    </spirit:parameter>
    <spirit:parameter>
      <spirit:name>Component_Name</spirit:name>
      <spirit:value spirit:resolve="user" spirit:id="PARAM_VALUE.Component_Name" spirit:order="1">ClockDivider_v1_0</spirit:value>
    </spirit:parameter>
  </spirit:parameters>
  <spirit:vendorExtensions>
    <xilinx:coreExtensions>
      <xilinx:supportedFamilies>
        <xilinx:family xilinx:lifeCycle="Production">artix7</xilinx:family>
        <xilinx:family xilinx:lifeCycle="Production">artix7l</xilinx:family>
        <xilinx:family xilinx:lifeCycle="Production">aartix7</xilinx:family>
        <xilinx:family xilinx:lifeCycle="Production">qartix7</xilinx:family>
        <xilinx:family xilinx:lifeCycle="Production">zynq</xilinx:family>
        <xilinx:family xilinx:lifeCycle="Production">qzynq</xilinx:family>
        <xilinx:family xilinx:lifeCycle="Production">azynq</xilinx:family>
        <xilinx:family xilinx:lifeCycle="Production">virtexuplus</xilinx:family>
        <xilinx:family xilinx:lifeCycle="Production">virtexuplusHBM</xilinx:family>
        <xilinx:family xilinx:lifeCycle="Production">zynquplus</xilinx:family>
        <xilinx:family xilinx:lifeCycle="Production">kintexu</xilinx:family>
      </xilinx:supportedFamilies>
      <xilinx:taxonomies>
        <xilinx:taxonomy>/UserIP</xilinx:taxonomy>
      </xilinx:taxonomies>
      <xilinx:displayName>ClockDivider_v1_0</xilinx:displayName>
      <xilinx:definitionSource>package_project</xilinx:definitionSource>
      <xilinx:coreRevision>5</xilinx:coreRevision>
      <xilinx:coreCreationDateTime>2025-10-16T19:54:17Z</xilinx:coreCreationDateTime>
      <xilinx:tags>
        <xilinx:tag xilinx:name="ui.data.coregen.dd@62a72d23_ARCHIVE_LOCATION">c:/users/tomas/escritorio/universidad/sep/proyecto/sep-grupo17/proyecto1/clk_div.srcs/sources_1/imports/new</xilinx:tag>
        <xilinx:tag xilinx:name="ui.data.coregen.dd@65cdd9c7_ARCHIVE_LOCATION">c:/users/tomas/escritorio/universidad/sep/proyecto/sep-grupo17/proyecto1/clk_div.srcs/sources_1/imports/new</xilinx:tag>
        <xilinx:tag xilinx:name="ui.data.coregen.dd@29ac2ab3_ARCHIVE_LOCATION">c:/users/tomas/escritorio/universidad/sep/proyecto/sep-grupo17/proyecto1/clk_div.srcs/sources_1/imports/new</xilinx:tag>
        <xilinx:tag xilinx:name="ui.data.coregen.dd@4df8b370_ARCHIVE_LOCATION">c:/users/tomas/escritorio/universidad/sep/proyecto/sep-grupo17/proyecto1/clk_div.srcs/sources_1/imports/new</xilinx:tag>
        <xilinx:tag xilinx:name="ui.data.coregen.dd@5178a8ed_ARCHIVE_LOCATION">c:/users/tomas/escritorio/universidad/sep/proyecto/sep-grupo17/proyecto1/clk_div.srcs/sources_1/imports/new</xilinx:tag>
        <xilinx:tag xilinx:name="ui.data.coregen.dd@230d26b5_ARCHIVE_LOCATION">c:/users/tomas/escritorio/universidad/sep/proyecto/sep-grupo17/proyecto1/clk_div.srcs/sources_1/imports/new</xilinx:tag>
        <xilinx:tag xilinx:name="ui.data.coregen.dd@e7f8e12_ARCHIVE_LOCATION">c:/users/tomas/escritorio/universidad/sep/proyecto/sep-grupo17/proyecto1/clk_div.srcs/sources_1/imports/new</xilinx:tag>
        <xilinx:tag xilinx:name="ui.data.coregen.dd@6817f536_ARCHIVE_LOCATION">c:/users/tomas/escritorio/universidad/sep/proyecto/sep-grupo17/proyecto1/clk_div.srcs/sources_1/imports/new</xilinx:tag>
        <xilinx:tag xilinx:name="ui.data.coregen.dd@422e8332_ARCHIVE_LOCATION">c:/users/tomas/escritorio/universidad/sep/proyecto/sep-grupo17/proyecto1/clk_div.srcs/sources_1/imports/new</xilinx:tag>
        <xilinx:tag xilinx:name="ui.data.coregen.dd@79f3ca9_ARCHIVE_LOCATION">c:/users/tomas/escritorio/universidad/sep/proyecto/sep-grupo17/proyecto1/clk_div.srcs/sources_1/imports/new</xilinx:tag>
        <xilinx:tag xilinx:name="ui.data.coregen.dd@3da2ae8f_ARCHIVE_LOCATION">c:/users/tomas/escritorio/universidad/sep/proyecto/sep-grupo17/proyecto1/clk_div.srcs/sources_1/imports/new</xilinx:tag>
        <xilinx:tag xilinx:name="ui.data.coregen.dd@75f9141b_ARCHIVE_LOCATION">c:/users/tomas/escritorio/universidad/sep/proyecto/sep-grupo17/proyecto1/clk_div.srcs/sources_1/imports/new</xilinx:tag>
        <xilinx:tag xilinx:name="ui.data.coregen.dd@7cc3d090_ARCHIVE_LOCATION">c:/users/tomas/escritorio/universidad/sep/proyecto/sep-grupo17/proyecto1/clk_div.srcs/sources_1/imports/new</xilinx:tag>
        <xilinx:tag xilinx:name="ui.data.coregen.dd@6f504585_ARCHIVE_LOCATION">c:/users/tomas/escritorio/universidad/sep/proyecto/sep-grupo17/proyecto1/clk_div.srcs/sources_1/imports/new</xilinx:tag>
        <xilinx:tag xilinx:name="ui.data.coregen.dd@301d2a4d_ARCHIVE_LOCATION">c:/users/tomas/escritorio/universidad/sep/proyecto/sep-grupo17/proyecto1/clk_div.srcs/sources_1/imports/new</xilinx:tag>
        <xilinx:tag xilinx:name="ui.data.coregen.dd@5167c2f4_ARCHIVE_LOCATION">c:/users/tomas/escritorio/universidad/sep/proyecto/sep-grupo17/proyecto1/clk_div.srcs/sources_1/imports/new</xilinx:tag>
        <xilinx:tag xilinx:name="ui.data.coregen.dd@310c8933_ARCHIVE_LOCATION">c:/users/tomas/escritorio/universidad/sep/proyecto/sep-grupo17/proyecto1/clk_div.srcs/sources_1/imports/new</xilinx:tag>
        <xilinx:tag xilinx:name="ui.data.coregen.dd@4194e8db_ARCHIVE_LOCATION">c:/users/tomas/escritorio/universidad/sep/proyecto/sep-grupo17/proyecto1/clk_div.srcs/sources_1/imports/new</xilinx:tag>
        <xilinx:tag xilinx:name="ui.data.coregen.dd@2389cfe7_ARCHIVE_LOCATION">c:/users/tomas/escritorio/universidad/sep/proyecto/sep-grupo17/proyecto1/clk_div.srcs/sources_1/imports/new</xilinx:tag>
        <xilinx:tag xilinx:name="ui.data.coregen.dd@3f1248cb_ARCHIVE_LOCATION">c:/users/tomas/escritorio/universidad/sep/proyecto/sep-grupo17/proyecto1/clk_div.srcs/sources_1/imports/new</xilinx:tag>
        <xilinx:tag xilinx:name="ui.data.coregen.dd@6be2032e_ARCHIVE_LOCATION">c:/users/tomas/escritorio/universidad/sep/proyecto/sep-grupo17/proyecto1/clk_div.srcs/sources_1/imports/new</xilinx:tag>
        <xilinx:tag xilinx:name="ui.data.coregen.dd@29efe61c_ARCHIVE_LOCATION">c:/users/tomas/escritorio/universidad/sep/proyecto/sep-grupo17/proyecto1/clk_div.srcs/sources_1/imports/new</xilinx:tag>
        <xilinx:tag xilinx:name="ui.data.coregen.dd@6575b625_ARCHIVE_LOCATION">c:/users/tomas/escritorio/universidad/sep/proyecto/sep-grupo17/proyecto1/clk_div.srcs/sources_1/imports/new</xilinx:tag>
        <xilinx:tag xilinx:name="ui.data.coregen.dd@32b8ddab_ARCHIVE_LOCATION">c:/users/tomas/escritorio/universidad/sep/proyecto/sep-grupo17/proyecto1/clk_div.srcs/sources_1/imports/new</xilinx:tag>
        <xilinx:tag xilinx:name="ui.data.coregen.dd@4ed90645_ARCHIVE_LOCATION">c:/users/tomas/escritorio/universidad/sep/proyecto/sep-grupo17/proyecto1/clk_div.srcs/sources_1/imports/new</xilinx:tag>
        <xilinx:tag xilinx:name="ui.data.coregen.dd@45f48a53_ARCHIVE_LOCATION">c:/users/tomas/escritorio/universidad/sep/proyecto/sep-grupo17/proyecto1/clk_div.srcs/sources_1/imports/new</xilinx:tag>
        <xilinx:tag xilinx:name="ui.data.coregen.dd@2424fa8a_ARCHIVE_LOCATION">c:/users/tomas/escritorio/universidad/sep/proyecto/sep-grupo17/proyecto1/clk_div.srcs/sources_1/imports/new</xilinx:tag>
        <xilinx:tag xilinx:name="ui.data.coregen.dd@222f1ba1_ARCHIVE_LOCATION">c:/users/tomas/escritorio/universidad/sep/proyecto/sep-grupo17/proyecto1/clk_div.srcs/sources_1/imports/new</xilinx:tag>
        <xilinx:tag xilinx:name="ui.data.coregen.dd@36c4a05e_ARCHIVE_LOCATION">c:/users/tomas/escritorio/universidad/sep/proyecto/sep-grupo17/proyecto1/clk_div.srcs/sources_1/imports/new</xilinx:tag>
        <xilinx:tag xilinx:name="ui.data.coregen.dd@4af6e734_ARCHIVE_LOCATION">c:/users/tomas/escritorio/universidad/sep/proyecto/sep-grupo17/proyecto1/clk_div.srcs/sources_1/imports/new</xilinx:tag>
        <xilinx:tag xilinx:name="ui.data.coregen.dd@606b4062_ARCHIVE_LOCATION">c:/users/tomas/escritorio/universidad/sep/proyecto/sep-grupo17/proyecto1/clk_div.srcs/sources_1/imports/new</xilinx:tag>
        <xilinx:tag xilinx:name="ui.data.coregen.dd@245e99e0_ARCHIVE_LOCATION">c:/users/tomas/escritorio/universidad/sep/proyecto/sep-grupo17/proyecto1/clk_div.srcs/sources_1/imports/new</xilinx:tag>
        <xilinx:tag xilinx:name="ui.data.coregen.dd@13593c81_ARCHIVE_LOCATION">c:/users/tomas/escritorio/universidad/sep/proyecto/sep-grupo17/proyecto1/clk_div.srcs/sources_1/imports/new</xilinx:tag>
      </xilinx:tags>
    </xilinx:coreExtensions>
    <xilinx:packagingInfo>
      <xilinx:xilinxVersion>2020.1</xilinx:xilinxVersion>
      <xilinx:checksum xilinx:scope="fileGroups" xilinx:value="e699d957"/>
      <xilinx:checksum xilinx:scope="ports" xilinx:value="189bc468"/>
      <xilinx:checksum xilinx:scope="hdlParameters" xilinx:value="ce97cd87"/>
      <xilinx:checksum xilinx:scope="parameters" xilinx:value="bc8430fa"/>
    </xilinx:packagingInfo>
  </spirit:vendorExtensions>
</spirit:component>
