<?xml version="1.0" encoding="UTF-8"?>
<spirit:component xmlns:xilinx="http://www.xilinx.com" xmlns:spirit="http://www.spiritconsortium.org/XMLSchema/SPIRIT/1685-2009" xmlns:xsi="http://www.w3.org/2001/XMLSchema-instance">
  <spirit:vendor>xilinx.com</spirit:vendor>
  <spirit:library>user</spirit:library>
  <spirit:name>debouncer</spirit:name>
  <spirit:version>1.0</spirit:version>
  <spirit:busInterfaces>
    <spirit:busInterface>
      <spirit:name>clk</spirit:name>
      <spirit:busType spirit:vendor="xilinx.com" spirit:library="signal" spirit:name="clock" spirit:version="1.0"/>
      <spirit:abstractionType spirit:vendor="xilinx.com" spirit:library="signal" spirit:name="clock_rtl" spirit:version="1.0"/>
      <spirit:slave/>
      <spirit:portMaps>
        <spirit:portMap>
          <spirit:logicalPort>
            <spirit:name>CLK</spirit:name>
          </spirit:logicalPort>
          <spirit:physicalPort>
            <spirit:name>clk</spirit:name>
          </spirit:physicalPort>
        </spirit:portMap>
      </spirit:portMaps>
    </spirit:busInterface>
  </spirit:busInterfaces>
  <spirit:model>
    <spirit:views>
      <spirit:view>
        <spirit:name>xilinx_anylanguagesynthesis</spirit:name>
        <spirit:displayName>Synthesis</spirit:displayName>
        <spirit:envIdentifier>:vivado.xilinx.com:synthesis</spirit:envIdentifier>
        <spirit:language>VHDL</spirit:language>
        <spirit:modelName>debouncer</spirit:modelName>
        <spirit:fileSetRef>
          <spirit:localName>xilinx_anylanguagesynthesis_view_fileset</spirit:localName>
        </spirit:fileSetRef>
        <spirit:parameters>
          <spirit:parameter>
            <spirit:name>viewChecksum</spirit:name>
            <spirit:value>787a24a3</spirit:value>
          </spirit:parameter>
        </spirit:parameters>
      </spirit:view>
      <spirit:view>
        <spirit:name>xilinx_anylanguagebehavioralsimulation</spirit:name>
        <spirit:displayName>Simulation</spirit:displayName>
        <spirit:envIdentifier>:vivado.xilinx.com:simulation</spirit:envIdentifier>
        <spirit:language>VHDL</spirit:language>
        <spirit:modelName>debouncer</spirit:modelName>
        <spirit:fileSetRef>
          <spirit:localName>xilinx_anylanguagebehavioralsimulation_view_fileset</spirit:localName>
        </spirit:fileSetRef>
        <spirit:parameters>
          <spirit:parameter>
            <spirit:name>viewChecksum</spirit:name>
            <spirit:value>787a24a3</spirit:value>
          </spirit:parameter>
        </spirit:parameters>
      </spirit:view>
      <spirit:view>
        <spirit:name>xilinx_xpgui</spirit:name>
        <spirit:displayName>UI Layout</spirit:displayName>
        <spirit:envIdentifier>:vivado.xilinx.com:xgui.ui</spirit:envIdentifier>
        <spirit:fileSetRef>
          <spirit:localName>xilinx_xpgui_view_fileset</spirit:localName>
        </spirit:fileSetRef>
        <spirit:parameters>
          <spirit:parameter>
            <spirit:name>viewChecksum</spirit:name>
            <spirit:value>f64a5dae</spirit:value>
          </spirit:parameter>
        </spirit:parameters>
      </spirit:view>
    </spirit:views>
    <spirit:ports>
      <spirit:port>
        <spirit:name>clk</spirit:name>
        <spirit:wire>
          <spirit:direction>in</spirit:direction>
          <spirit:wireTypeDefs>
            <spirit:wireTypeDef>
              <spirit:typeName>STD_LOGIC</spirit:typeName>
              <spirit:viewNameRef>xilinx_anylanguagesynthesis</spirit:viewNameRef>
              <spirit:viewNameRef>xilinx_anylanguagebehavioralsimulation</spirit:viewNameRef>
            </spirit:wireTypeDef>
          </spirit:wireTypeDefs>
        </spirit:wire>
      </spirit:port>
      <spirit:port>
        <spirit:name>btn</spirit:name>
        <spirit:wire>
          <spirit:direction>in</spirit:direction>
          <spirit:vector>
            <spirit:left spirit:format="long">3</spirit:left>
            <spirit:right spirit:format="long">0</spirit:right>
          </spirit:vector>
          <spirit:wireTypeDefs>
            <spirit:wireTypeDef>
              <spirit:typeName>STD_LOGIC_VECTOR</spirit:typeName>
              <spirit:viewNameRef>xilinx_anylanguagesynthesis</spirit:viewNameRef>
              <spirit:viewNameRef>xilinx_anylanguagebehavioralsimulation</spirit:viewNameRef>
            </spirit:wireTypeDef>
          </spirit:wireTypeDefs>
        </spirit:wire>
      </spirit:port>
      <spirit:port>
        <spirit:name>btn_out</spirit:name>
        <spirit:wire>
          <spirit:direction>out</spirit:direction>
          <spirit:vector>
            <spirit:left spirit:format="long">3</spirit:left>
            <spirit:right spirit:format="long">0</spirit:right>
          </spirit:vector>
          <spirit:wireTypeDefs>
            <spirit:wireTypeDef>
              <spirit:typeName>STD_LOGIC_VECTOR</spirit:typeName>
              <spirit:viewNameRef>xilinx_anylanguagesynthesis</spirit:viewNameRef>
              <spirit:viewNameRef>xilinx_anylanguagebehavioralsimulation</spirit:viewNameRef>
            </spirit:wireTypeDef>
          </spirit:wireTypeDefs>
        </spirit:wire>
      </spirit:port>
    </spirit:ports>
  </spirit:model>
  <spirit:fileSets>
    <spirit:fileSet>
      <spirit:name>xilinx_anylanguagesynthesis_view_fileset</spirit:name>
      <spirit:file>
        <spirit:name>new/Debouncing_Button_VHDL.vhd</spirit:name>
        <spirit:fileType>vhdlSource</spirit:fileType>
      </spirit:file>
      <spirit:file>
        <spirit:name>imports/new/debouncer.vhd</spirit:name>
        <spirit:fileType>vhdlSource</spirit:fileType>
        <spirit:userFileType>CHECKSUM_70788a3c</spirit:userFileType>
      </spirit:file>
    </spirit:fileSet>
    <spirit:fileSet>
      <spirit:name>xilinx_anylanguagebehavioralsimulation_view_fileset</spirit:name>
      <spirit:file>
        <spirit:name>new/Debouncing_Button_VHDL.vhd</spirit:name>
        <spirit:fileType>vhdlSource</spirit:fileType>
      </spirit:file>
      <spirit:file>
        <spirit:name>imports/new/debouncer.vhd</spirit:name>
        <spirit:fileType>vhdlSource</spirit:fileType>
      </spirit:file>
    </spirit:fileSet>
    <spirit:fileSet>
      <spirit:name>xilinx_xpgui_view_fileset</spirit:name>
      <spirit:file>
        <spirit:name>xgui/debouncer_v1_0.tcl</spirit:name>
        <spirit:fileType>tclSource</spirit:fileType>
        <spirit:userFileType>CHECKSUM_f64a5dae</spirit:userFileType>
        <spirit:userFileType>XGUI_VERSION_2</spirit:userFileType>
      </spirit:file>
    </spirit:fileSet>
  </spirit:fileSets>
  <spirit:description>debouncer_v1_0</spirit:description>
  <spirit:parameters>
    <spirit:parameter>
      <spirit:name>Component_Name</spirit:name>
      <spirit:value spirit:resolve="user" spirit:id="PARAM_VALUE.Component_Name" spirit:order="1">debouncer_v1_0</spirit:value>
    </spirit:parameter>
  </spirit:parameters>
  <spirit:vendorExtensions>
    <xilinx:coreExtensions>
      <xilinx:supportedFamilies>
        <xilinx:family xilinx:lifeCycle="Production">artix7</xilinx:family>
        <xilinx:family xilinx:lifeCycle="Production">artix7l</xilinx:family>
        <xilinx:family xilinx:lifeCycle="Production">aartix7</xilinx:family>
        <xilinx:family xilinx:lifeCycle="Production">qartix7</xilinx:family>
        <xilinx:family xilinx:lifeCycle="Production">zynq</xilinx:family>
        <xilinx:family xilinx:lifeCycle="Production">qzynq</xilinx:family>
        <xilinx:family xilinx:lifeCycle="Production">azynq</xilinx:family>
        <xilinx:family xilinx:lifeCycle="Production">virtexuplus</xilinx:family>
        <xilinx:family xilinx:lifeCycle="Production">virtexuplusHBM</xilinx:family>
        <xilinx:family xilinx:lifeCycle="Production">zynquplus</xilinx:family>
        <xilinx:family xilinx:lifeCycle="Production">kintexu</xilinx:family>
      </xilinx:supportedFamilies>
      <xilinx:taxonomies>
        <xilinx:taxonomy>/UserIP</xilinx:taxonomy>
      </xilinx:taxonomies>
      <xilinx:displayName>debouncer_v1_0</xilinx:displayName>
      <xilinx:definitionSource>package_project</xilinx:definitionSource>
      <xilinx:coreRevision>4</xilinx:coreRevision>
      <xilinx:coreCreationDateTime>2025-10-19T20:57:21Z</xilinx:coreCreationDateTime>
      <xilinx:tags>
        <xilinx:tag xilinx:name="ui.data.coregen.dd@35383718_ARCHIVE_LOCATION">c:/users/tomas/escritorio/universidad/sep/proyecto/sep-grupo17/debouncer/debouncer.srcs/sources_1</xilinx:tag>
        <xilinx:tag xilinx:name="ui.data.coregen.dd@58c05a2b_ARCHIVE_LOCATION">c:/users/tomas/escritorio/universidad/sep/proyecto/sep-grupo17/debouncer/debouncer.srcs/sources_1</xilinx:tag>
        <xilinx:tag xilinx:name="ui.data.coregen.dd@7047484d_ARCHIVE_LOCATION">c:/users/tomas/escritorio/universidad/sep/proyecto/sep-grupo17/debouncer/debouncer.srcs/sources_1</xilinx:tag>
        <xilinx:tag xilinx:name="ui.data.coregen.dd@69ccff80_ARCHIVE_LOCATION">c:/users/tomas/escritorio/universidad/sep/proyecto/sep-grupo17/debouncer/debouncer.srcs/sources_1</xilinx:tag>
        <xilinx:tag xilinx:name="ui.data.coregen.dd@637499ba_ARCHIVE_LOCATION">c:/users/tomas/escritorio/universidad/sep/proyecto/sep-grupo17/debouncer/debouncer.srcs/sources_1</xilinx:tag>
        <xilinx:tag xilinx:name="ui.data.coregen.dd@3bc3937b_ARCHIVE_LOCATION">c:/users/tomas/escritorio/universidad/sep/proyecto/sep-grupo17/debouncer/debouncer.srcs/sources_1</xilinx:tag>
        <xilinx:tag xilinx:name="ui.data.coregen.dd@68cd7926_ARCHIVE_LOCATION">c:/users/tomas/escritorio/universidad/sep/proyecto/sep-grupo17/debouncer/debouncer.srcs/sources_1</xilinx:tag>
        <xilinx:tag xilinx:name="ui.data.coregen.dd@2ce2accd_ARCHIVE_LOCATION">c:/users/tomas/escritorio/universidad/sep/proyecto/sep-grupo17/debouncer/debouncer.srcs/sources_1</xilinx:tag>
        <xilinx:tag xilinx:name="ui.data.coregen.dd@353c67fe_ARCHIVE_LOCATION">c:/users/tomas/escritorio/universidad/sep/proyecto/sep-grupo17/debouncer/debouncer.srcs/sources_1</xilinx:tag>
        <xilinx:tag xilinx:name="ui.data.coregen.dd@68fe506f_ARCHIVE_LOCATION">c:/users/tomas/escritorio/universidad/sep/proyecto/sep-grupo17/debouncer/debouncer.srcs/sources_1</xilinx:tag>
        <xilinx:tag xilinx:name="ui.data.coregen.dd@6e570521_ARCHIVE_LOCATION">c:/users/tomas/escritorio/universidad/sep/proyecto/sep-grupo17/debouncer/debouncer.srcs/sources_1</xilinx:tag>
        <xilinx:tag xilinx:name="ui.data.coregen.dd@267dbc03_ARCHIVE_LOCATION">c:/users/tomas/escritorio/universidad/sep/proyecto/sep-grupo17/debouncer/debouncer.srcs/sources_1</xilinx:tag>
        <xilinx:tag xilinx:name="ui.data.coregen.dd@6b3b272f_ARCHIVE_LOCATION">c:/users/tomas/escritorio/universidad/sep/proyecto/sep-grupo17/debouncer/debouncer.srcs/sources_1</xilinx:tag>
        <xilinx:tag xilinx:name="ui.data.coregen.dd@43d917ac_ARCHIVE_LOCATION">c:/users/tomas/escritorio/universidad/sep/proyecto/sep-grupo17/debouncer/debouncer.srcs/sources_1</xilinx:tag>
        <xilinx:tag xilinx:name="ui.data.coregen.dd@75bc792c_ARCHIVE_LOCATION">c:/users/tomas/escritorio/universidad/sep/proyecto/sep-grupo17/debouncer/debouncer.srcs/sources_1</xilinx:tag>
        <xilinx:tag xilinx:name="ui.data.coregen.dd@53a63e06_ARCHIVE_LOCATION">c:/users/tomas/escritorio/universidad/sep/proyecto/sep-grupo17/debouncer/debouncer.srcs/sources_1</xilinx:tag>
        <xilinx:tag xilinx:name="ui.data.coregen.dd@44e30424_ARCHIVE_LOCATION">c:/users/tomas/escritorio/universidad/sep/proyecto/sep-grupo17/debouncer/debouncer.srcs/sources_1</xilinx:tag>
        <xilinx:tag xilinx:name="ui.data.coregen.dd@6cfa2507_ARCHIVE_LOCATION">c:/users/tomas/escritorio/universidad/sep/proyecto/sep-grupo17/debouncer/debouncer.srcs/sources_1</xilinx:tag>
        <xilinx:tag xilinx:name="ui.data.coregen.dd@45bc265f_ARCHIVE_LOCATION">c:/users/tomas/escritorio/universidad/sep/proyecto/sep-grupo17/debouncer/debouncer.srcs/sources_1</xilinx:tag>
      </xilinx:tags>
    </xilinx:coreExtensions>
    <xilinx:packagingInfo>
      <xilinx:xilinxVersion>2020.1</xilinx:xilinxVersion>
      <xilinx:checksum xilinx:scope="busInterfaces" xilinx:value="a88d4390"/>
      <xilinx:checksum xilinx:scope="fileGroups" xilinx:value="1296bf4f"/>
      <xilinx:checksum xilinx:scope="ports" xilinx:value="0bd45c7b"/>
      <xilinx:checksum xilinx:scope="parameters" xilinx:value="ed220fdf"/>
    </xilinx:packagingInfo>
  </spirit:vendorExtensions>
</spirit:component>
