<?xml version="1.0" encoding="UTF-8"?>
<spirit:component xmlns:xilinx="http://www.xilinx.com" xmlns:spirit="http://www.spiritconsortium.org/XMLSchema/SPIRIT/1685-2009" xmlns:xsi="http://www.w3.org/2001/XMLSchema-instance">
  <spirit:vendor>xilinx.com</spirit:vendor>
  <spirit:library>user</spirit:library>
  <spirit:name>Score_display</spirit:name>
  <spirit:version>1.0</spirit:version>
  <spirit:busInterfaces>
    <spirit:busInterface>
      <spirit:name>reset</spirit:name>
      <spirit:busType spirit:vendor="xilinx.com" spirit:library="signal" spirit:name="reset" spirit:version="1.0"/>
      <spirit:abstractionType spirit:vendor="xilinx.com" spirit:library="signal" spirit:name="reset_rtl" spirit:version="1.0"/>
      <spirit:slave/>
      <spirit:portMaps>
        <spirit:portMap>
          <spirit:logicalPort>
            <spirit:name>RST</spirit:name>
          </spirit:logicalPort>
          <spirit:physicalPort>
            <spirit:name>reset</spirit:name>
          </spirit:physicalPort>
        </spirit:portMap>
      </spirit:portMaps>
    </spirit:busInterface>
    <spirit:busInterface>
      <spirit:name>clk</spirit:name>
      <spirit:busType spirit:vendor="xilinx.com" spirit:library="signal" spirit:name="clock" spirit:version="1.0"/>
      <spirit:abstractionType spirit:vendor="xilinx.com" spirit:library="signal" spirit:name="clock_rtl" spirit:version="1.0"/>
      <spirit:slave/>
      <spirit:portMaps>
        <spirit:portMap>
          <spirit:logicalPort>
            <spirit:name>CLK</spirit:name>
          </spirit:logicalPort>
          <spirit:physicalPort>
            <spirit:name>clk</spirit:name>
          </spirit:physicalPort>
        </spirit:portMap>
      </spirit:portMaps>
      <spirit:parameters>
        <spirit:parameter>
          <spirit:name>ASSOCIATED_RESET</spirit:name>
          <spirit:value spirit:id="BUSIFPARAM_VALUE.CLK.ASSOCIATED_RESET">reset</spirit:value>
        </spirit:parameter>
      </spirit:parameters>
    </spirit:busInterface>
  </spirit:busInterfaces>
  <spirit:model>
    <spirit:views>
      <spirit:view>
        <spirit:name>xilinx_anylanguagesynthesis</spirit:name>
        <spirit:displayName>Synthesis</spirit:displayName>
        <spirit:envIdentifier>:vivado.xilinx.com:synthesis</spirit:envIdentifier>
        <spirit:language>VHDL</spirit:language>
        <spirit:modelName>LedDisplay</spirit:modelName>
        <spirit:fileSetRef>
          <spirit:localName>xilinx_anylanguagesynthesis_view_fileset</spirit:localName>
        </spirit:fileSetRef>
        <spirit:parameters>
          <spirit:parameter>
            <spirit:name>viewChecksum</spirit:name>
            <spirit:value>fad156ef</spirit:value>
          </spirit:parameter>
        </spirit:parameters>
      </spirit:view>
      <spirit:view>
        <spirit:name>xilinx_anylanguagebehavioralsimulation</spirit:name>
        <spirit:displayName>Simulation</spirit:displayName>
        <spirit:envIdentifier>:vivado.xilinx.com:simulation</spirit:envIdentifier>
        <spirit:language>VHDL</spirit:language>
        <spirit:modelName>LedDisplay</spirit:modelName>
        <spirit:fileSetRef>
          <spirit:localName>xilinx_anylanguagebehavioralsimulation_view_fileset</spirit:localName>
        </spirit:fileSetRef>
        <spirit:parameters>
          <spirit:parameter>
            <spirit:name>viewChecksum</spirit:name>
            <spirit:value>fad156ef</spirit:value>
          </spirit:parameter>
        </spirit:parameters>
      </spirit:view>
      <spirit:view>
        <spirit:name>xilinx_xpgui</spirit:name>
        <spirit:displayName>UI Layout</spirit:displayName>
        <spirit:envIdentifier>:vivado.xilinx.com:xgui.ui</spirit:envIdentifier>
        <spirit:fileSetRef>
          <spirit:localName>xilinx_xpgui_view_fileset</spirit:localName>
        </spirit:fileSetRef>
        <spirit:parameters>
          <spirit:parameter>
            <spirit:name>viewChecksum</spirit:name>
            <spirit:value>f64a5dae</spirit:value>
          </spirit:parameter>
        </spirit:parameters>
      </spirit:view>
    </spirit:views>
    <spirit:ports>
      <spirit:port>
        <spirit:name>clk</spirit:name>
        <spirit:wire>
          <spirit:direction>in</spirit:direction>
          <spirit:wireTypeDefs>
            <spirit:wireTypeDef>
              <spirit:typeName>std_logic</spirit:typeName>
              <spirit:viewNameRef>xilinx_anylanguagesynthesis</spirit:viewNameRef>
              <spirit:viewNameRef>xilinx_anylanguagebehavioralsimulation</spirit:viewNameRef>
            </spirit:wireTypeDef>
          </spirit:wireTypeDefs>
        </spirit:wire>
      </spirit:port>
      <spirit:port>
        <spirit:name>reset</spirit:name>
        <spirit:wire>
          <spirit:direction>in</spirit:direction>
          <spirit:wireTypeDefs>
            <spirit:wireTypeDef>
              <spirit:typeName>std_logic</spirit:typeName>
              <spirit:viewNameRef>xilinx_anylanguagesynthesis</spirit:viewNameRef>
              <spirit:viewNameRef>xilinx_anylanguagebehavioralsimulation</spirit:viewNameRef>
            </spirit:wireTypeDef>
          </spirit:wireTypeDefs>
        </spirit:wire>
      </spirit:port>
      <spirit:port>
        <spirit:name>playing</spirit:name>
        <spirit:wire>
          <spirit:direction>in</spirit:direction>
          <spirit:wireTypeDefs>
            <spirit:wireTypeDef>
              <spirit:typeName>std_logic</spirit:typeName>
              <spirit:viewNameRef>xilinx_anylanguagesynthesis</spirit:viewNameRef>
              <spirit:viewNameRef>xilinx_anylanguagebehavioralsimulation</spirit:viewNameRef>
            </spirit:wireTypeDef>
          </spirit:wireTypeDefs>
        </spirit:wire>
      </spirit:port>
      <spirit:port>
        <spirit:name>note_out</spirit:name>
        <spirit:wire>
          <spirit:direction>in</spirit:direction>
          <spirit:vector>
            <spirit:left spirit:format="long">3</spirit:left>
            <spirit:right spirit:format="long">0</spirit:right>
          </spirit:vector>
          <spirit:wireTypeDefs>
            <spirit:wireTypeDef>
              <spirit:typeName>std_logic_vector</spirit:typeName>
              <spirit:viewNameRef>xilinx_anylanguagesynthesis</spirit:viewNameRef>
              <spirit:viewNameRef>xilinx_anylanguagebehavioralsimulation</spirit:viewNameRef>
            </spirit:wireTypeDef>
          </spirit:wireTypeDefs>
        </spirit:wire>
      </spirit:port>
      <spirit:port>
        <spirit:name>btn_push</spirit:name>
        <spirit:wire>
          <spirit:direction>in</spirit:direction>
          <spirit:vector>
            <spirit:left spirit:format="long">3</spirit:left>
            <spirit:right spirit:format="long">0</spirit:right>
          </spirit:vector>
          <spirit:wireTypeDefs>
            <spirit:wireTypeDef>
              <spirit:typeName>std_logic_vector</spirit:typeName>
              <spirit:viewNameRef>xilinx_anylanguagesynthesis</spirit:viewNameRef>
              <spirit:viewNameRef>xilinx_anylanguagebehavioralsimulation</spirit:viewNameRef>
            </spirit:wireTypeDef>
          </spirit:wireTypeDefs>
        </spirit:wire>
      </spirit:port>
      <spirit:port>
        <spirit:name>led</spirit:name>
        <spirit:wire>
          <spirit:direction>out</spirit:direction>
          <spirit:vector>
            <spirit:left spirit:format="long">3</spirit:left>
            <spirit:right spirit:format="long">0</spirit:right>
          </spirit:vector>
          <spirit:wireTypeDefs>
            <spirit:wireTypeDef>
              <spirit:typeName>std_logic_vector</spirit:typeName>
              <spirit:viewNameRef>xilinx_anylanguagesynthesis</spirit:viewNameRef>
              <spirit:viewNameRef>xilinx_anylanguagebehavioralsimulation</spirit:viewNameRef>
            </spirit:wireTypeDef>
          </spirit:wireTypeDefs>
        </spirit:wire>
      </spirit:port>
      <spirit:port>
        <spirit:name>ptje</spirit:name>
        <spirit:wire>
          <spirit:direction>out</spirit:direction>
          <spirit:vector>
            <spirit:left spirit:format="long">3</spirit:left>
            <spirit:right spirit:format="long">0</spirit:right>
          </spirit:vector>
          <spirit:wireTypeDefs>
            <spirit:wireTypeDef>
              <spirit:typeName>std_logic_vector</spirit:typeName>
              <spirit:viewNameRef>xilinx_anylanguagesynthesis</spirit:viewNameRef>
              <spirit:viewNameRef>xilinx_anylanguagebehavioralsimulation</spirit:viewNameRef>
            </spirit:wireTypeDef>
          </spirit:wireTypeDefs>
        </spirit:wire>
      </spirit:port>
      <spirit:port>
        <spirit:name>led_rgb</spirit:name>
        <spirit:wire>
          <spirit:direction>out</spirit:direction>
          <spirit:vector>
            <spirit:left spirit:format="long">1</spirit:left>
            <spirit:right spirit:format="long">0</spirit:right>
          </spirit:vector>
          <spirit:wireTypeDefs>
            <spirit:wireTypeDef>
              <spirit:typeName>std_logic_vector</spirit:typeName>
              <spirit:viewNameRef>xilinx_anylanguagesynthesis</spirit:viewNameRef>
              <spirit:viewNameRef>xilinx_anylanguagebehavioralsimulation</spirit:viewNameRef>
            </spirit:wireTypeDef>
          </spirit:wireTypeDefs>
        </spirit:wire>
      </spirit:port>
    </spirit:ports>
  </spirit:model>
  <spirit:fileSets>
    <spirit:fileSet>
      <spirit:name>xilinx_anylanguagesynthesis_view_fileset</spirit:name>
      <spirit:file>
        <spirit:name>imports/new/ScoreCounter.vhd</spirit:name>
        <spirit:fileType>vhdlSource</spirit:fileType>
      </spirit:file>
      <spirit:file>
        <spirit:name>imports/new/leds_game.vhd</spirit:name>
        <spirit:fileType>vhdlSource</spirit:fileType>
      </spirit:file>
      <spirit:file>
        <spirit:name>imports/new/miss_counter.vhd</spirit:name>
        <spirit:fileType>vhdlSource</spirit:fileType>
      </spirit:file>
      <spirit:file>
        <spirit:name>new/ScoreDisplay.vhd</spirit:name>
        <spirit:fileType>vhdlSource</spirit:fileType>
        <spirit:userFileType>CHECKSUM_5629424e</spirit:userFileType>
      </spirit:file>
    </spirit:fileSet>
    <spirit:fileSet>
      <spirit:name>xilinx_anylanguagebehavioralsimulation_view_fileset</spirit:name>
      <spirit:file>
        <spirit:name>imports/new/ScoreCounter.vhd</spirit:name>
        <spirit:fileType>vhdlSource</spirit:fileType>
      </spirit:file>
      <spirit:file>
        <spirit:name>imports/new/leds_game.vhd</spirit:name>
        <spirit:fileType>vhdlSource</spirit:fileType>
      </spirit:file>
      <spirit:file>
        <spirit:name>imports/new/miss_counter.vhd</spirit:name>
        <spirit:fileType>vhdlSource</spirit:fileType>
      </spirit:file>
      <spirit:file>
        <spirit:name>new/ScoreDisplay.vhd</spirit:name>
        <spirit:fileType>vhdlSource</spirit:fileType>
      </spirit:file>
    </spirit:fileSet>
    <spirit:fileSet>
      <spirit:name>xilinx_xpgui_view_fileset</spirit:name>
      <spirit:file>
        <spirit:name>xgui/Score_display_v1_0.tcl</spirit:name>
        <spirit:fileType>tclSource</spirit:fileType>
        <spirit:userFileType>CHECKSUM_f64a5dae</spirit:userFileType>
        <spirit:userFileType>XGUI_VERSION_2</spirit:userFileType>
      </spirit:file>
    </spirit:fileSet>
  </spirit:fileSets>
  <spirit:description>LedDisplay_v1_0</spirit:description>
  <spirit:parameters>
    <spirit:parameter>
      <spirit:name>Component_Name</spirit:name>
      <spirit:value spirit:resolve="user" spirit:id="PARAM_VALUE.Component_Name" spirit:order="1">Score_display_v1_0</spirit:value>
    </spirit:parameter>
  </spirit:parameters>
  <spirit:vendorExtensions>
    <xilinx:coreExtensions>
      <xilinx:supportedFamilies>
        <xilinx:family xilinx:lifeCycle="Production">artix7</xilinx:family>
        <xilinx:family xilinx:lifeCycle="Production">artix7l</xilinx:family>
        <xilinx:family xilinx:lifeCycle="Production">aartix7</xilinx:family>
        <xilinx:family xilinx:lifeCycle="Production">qartix7</xilinx:family>
        <xilinx:family xilinx:lifeCycle="Production">zynq</xilinx:family>
        <xilinx:family xilinx:lifeCycle="Production">qzynq</xilinx:family>
        <xilinx:family xilinx:lifeCycle="Production">azynq</xilinx:family>
        <xilinx:family xilinx:lifeCycle="Production">virtexuplus</xilinx:family>
        <xilinx:family xilinx:lifeCycle="Production">virtexuplusHBM</xilinx:family>
        <xilinx:family xilinx:lifeCycle="Production">zynquplus</xilinx:family>
        <xilinx:family xilinx:lifeCycle="Production">kintexu</xilinx:family>
      </xilinx:supportedFamilies>
      <xilinx:taxonomies>
        <xilinx:taxonomy>/UserIP</xilinx:taxonomy>
      </xilinx:taxonomies>
      <xilinx:displayName>LedDisplay_v1_0</xilinx:displayName>
      <xilinx:definitionSource>package_project</xilinx:definitionSource>
      <xilinx:coreRevision>7</xilinx:coreRevision>
      <xilinx:coreCreationDateTime>2025-10-17T22:42:17Z</xilinx:coreCreationDateTime>
      <xilinx:tags>
        <xilinx:tag xilinx:name="ui.data.coregen.dd@1933893e_ARCHIVE_LOCATION">c:/users/tomas/escritorio/universidad/sep/proyecto/sep-grupo17/proyecto1/project_1/project_1.srcs/sources_1</xilinx:tag>
        <xilinx:tag xilinx:name="ui.data.coregen.dd@66e1ca53_ARCHIVE_LOCATION">c:/users/tomas/escritorio/universidad/sep/proyecto/sep-grupo17/proyecto1/project_1/project_1.srcs/sources_1</xilinx:tag>
        <xilinx:tag xilinx:name="ui.data.coregen.dd@48f81636_ARCHIVE_LOCATION">c:/users/tomas/escritorio/universidad/sep/proyecto/sep-grupo17/proyecto1/project_1/project_1.srcs/sources_1</xilinx:tag>
        <xilinx:tag xilinx:name="ui.data.coregen.dd@69df53ac_ARCHIVE_LOCATION">c:/users/tomas/escritorio/universidad/sep/proyecto/sep-grupo17/proyecto1/project_1/project_1.srcs/sources_1</xilinx:tag>
        <xilinx:tag xilinx:name="ui.data.coregen.dd@21f4d2d_ARCHIVE_LOCATION">c:/users/tomas/escritorio/universidad/sep/proyecto/sep-grupo17/proyecto1/project_1/project_1.srcs/sources_1</xilinx:tag>
        <xilinx:tag xilinx:name="ui.data.coregen.dd@64e3c64d_ARCHIVE_LOCATION">c:/users/tomas/escritorio/universidad/sep/proyecto/sep-grupo17/proyecto1/project_1/project_1.srcs/sources_1</xilinx:tag>
        <xilinx:tag xilinx:name="ui.data.coregen.dd@66a08131_ARCHIVE_LOCATION">c:/users/tomas/escritorio/universidad/sep/proyecto/sep-grupo17/proyecto1/project_1/project_1.srcs/sources_1</xilinx:tag>
        <xilinx:tag xilinx:name="ui.data.coregen.dd@41e232cf_ARCHIVE_LOCATION">c:/users/tomas/escritorio/universidad/sep/proyecto/sep-grupo17/proyecto1/project_1/project_1.srcs/sources_1</xilinx:tag>
        <xilinx:tag xilinx:name="ui.data.coregen.dd@5c2ac978_ARCHIVE_LOCATION">c:/users/tomas/escritorio/universidad/sep/proyecto/sep-grupo17/proyecto1/project_1/project_1.srcs/sources_1</xilinx:tag>
        <xilinx:tag xilinx:name="ui.data.coregen.dd@29916c17_ARCHIVE_LOCATION">c:/users/tomas/escritorio/universidad/sep/proyecto/sep-grupo17/proyecto1/project_1/project_1.srcs/sources_1</xilinx:tag>
        <xilinx:tag xilinx:name="ui.data.coregen.dd@2ac3a5a2_ARCHIVE_LOCATION">c:/users/tomas/escritorio/universidad/sep/proyecto/sep-grupo17/proyecto1/project_1/project_1.srcs/sources_1</xilinx:tag>
        <xilinx:tag xilinx:name="ui.data.coregen.dd@7039dd91_ARCHIVE_LOCATION">c:/users/tomas/escritorio/universidad/sep/proyecto/sep-grupo17/proyecto1/project_1/project_1.srcs/sources_1</xilinx:tag>
        <xilinx:tag xilinx:name="ui.data.coregen.dd@7d7aac33_ARCHIVE_LOCATION">c:/users/tomas/escritorio/universidad/sep/proyecto/sep-grupo17/proyecto1/project_1/project_1.srcs/sources_1</xilinx:tag>
        <xilinx:tag xilinx:name="ui.data.coregen.dd@6bae1002_ARCHIVE_LOCATION">c:/users/tomas/escritorio/universidad/sep/proyecto/sep-grupo17/proyecto1/project_1/project_1.srcs/sources_1</xilinx:tag>
        <xilinx:tag xilinx:name="ui.data.coregen.dd@1f575f7d_ARCHIVE_LOCATION">c:/users/tomas/escritorio/universidad/sep/proyecto/sep-grupo17/proyecto1/project_1/project_1.srcs/sources_1</xilinx:tag>
        <xilinx:tag xilinx:name="ui.data.coregen.dd@35813862_ARCHIVE_LOCATION">c:/users/tomas/escritorio/universidad/sep/proyecto/sep-grupo17/proyecto1/project_1/project_1.srcs/sources_1</xilinx:tag>
        <xilinx:tag xilinx:name="ui.data.coregen.dd@1bc17796_ARCHIVE_LOCATION">c:/users/tomas/escritorio/universidad/sep/proyecto/sep-grupo17/proyecto1/project_1/project_1.srcs/sources_1</xilinx:tag>
        <xilinx:tag xilinx:name="ui.data.coregen.dd@7887788f_ARCHIVE_LOCATION">c:/users/tomas/escritorio/universidad/sep/proyecto/sep-grupo17/proyecto1/project_1/project_1.srcs/sources_1</xilinx:tag>
        <xilinx:tag xilinx:name="ui.data.coregen.dd@637a78a4_ARCHIVE_LOCATION">c:/users/tomas/escritorio/universidad/sep/proyecto/sep-grupo17/proyecto1/project_1/project_1.srcs/sources_1</xilinx:tag>
        <xilinx:tag xilinx:name="ui.data.coregen.dd@85b6c1b_ARCHIVE_LOCATION">c:/users/tomas/escritorio/universidad/sep/proyecto/sep-grupo17/proyecto1/project_1/project_1.srcs/sources_1</xilinx:tag>
        <xilinx:tag xilinx:name="ui.data.coregen.dd@4a1fc8ca_ARCHIVE_LOCATION">c:/users/tomas/escritorio/universidad/sep/proyecto/sep-grupo17/proyecto1/project_1/project_1.srcs/sources_1</xilinx:tag>
        <xilinx:tag xilinx:name="ui.data.coregen.dd@6fabf536_ARCHIVE_LOCATION">c:/users/tomas/escritorio/universidad/sep/proyecto/sep-grupo17/proyecto1/project_1/project_1.srcs/sources_1</xilinx:tag>
        <xilinx:tag xilinx:name="ui.data.coregen.dd@33869f45_ARCHIVE_LOCATION">c:/users/tomas/escritorio/universidad/sep/proyecto/sep-grupo17/proyecto1/project_1/project_1.srcs/sources_1</xilinx:tag>
        <xilinx:tag xilinx:name="ui.data.coregen.dd@4bf19fc4_ARCHIVE_LOCATION">c:/users/tomas/escritorio/universidad/sep/proyecto/sep-grupo17/proyecto1/project_1/project_1.srcs/sources_1</xilinx:tag>
        <xilinx:tag xilinx:name="ui.data.coregen.dd@58cd8ef7_ARCHIVE_LOCATION">c:/users/tomas/escritorio/universidad/sep/proyecto/sep-grupo17/proyecto1/project_1/project_1.srcs/sources_1</xilinx:tag>
        <xilinx:tag xilinx:name="ui.data.coregen.dd@38a67b83_ARCHIVE_LOCATION">c:/users/tomas/escritorio/universidad/sep/proyecto/sep-grupo17/proyecto1/project_1/project_1.srcs/sources_1</xilinx:tag>
        <xilinx:tag xilinx:name="ui.data.coregen.dd@769c8a54_ARCHIVE_LOCATION">c:/users/tomas/escritorio/universidad/sep/proyecto/sep-grupo17/proyecto1/project_1/project_1.srcs/sources_1</xilinx:tag>
        <xilinx:tag xilinx:name="ui.data.coregen.dd@4112a765_ARCHIVE_LOCATION">c:/users/tomas/escritorio/universidad/sep/proyecto/sep-grupo17/proyecto1/project_1/project_1.srcs/sources_1</xilinx:tag>
        <xilinx:tag xilinx:name="ui.data.coregen.dd@29d6f1bc_ARCHIVE_LOCATION">c:/users/tomas/escritorio/universidad/sep/proyecto/sep-grupo17/proyecto1/project_1/project_1.srcs/sources_1</xilinx:tag>
        <xilinx:tag xilinx:name="ui.data.coregen.dd@4a9832f0_ARCHIVE_LOCATION">c:/users/tomas/escritorio/universidad/sep/proyecto/sep-grupo17/proyecto1/project_1/project_1.srcs/sources_1</xilinx:tag>
        <xilinx:tag xilinx:name="ui.data.coregen.dd@ec45f65_ARCHIVE_LOCATION">c:/users/tomas/escritorio/universidad/sep/proyecto/sep-grupo17/proyecto1/project_1/project_1.srcs/sources_1</xilinx:tag>
        <xilinx:tag xilinx:name="ui.data.coregen.dd@20d53ade_ARCHIVE_LOCATION">c:/users/tomas/escritorio/universidad/sep/proyecto/sep-grupo17/proyecto1/project_1/project_1.srcs/sources_1</xilinx:tag>
        <xilinx:tag xilinx:name="ui.data.coregen.dd@7f033e70_ARCHIVE_LOCATION">c:/users/tomas/escritorio/universidad/sep/proyecto/sep-grupo17/proyecto1/project_1/project_1.srcs/sources_1</xilinx:tag>
        <xilinx:tag xilinx:name="ui.data.coregen.dd@5261e933_ARCHIVE_LOCATION">c:/users/tomas/escritorio/universidad/sep/proyecto/sep-grupo17/proyecto1/project_1/project_1.srcs/sources_1</xilinx:tag>
        <xilinx:tag xilinx:name="ui.data.coregen.dd@4a4fec7_ARCHIVE_LOCATION">c:/users/tomas/escritorio/universidad/sep/proyecto/sep-grupo17/proyecto1/project_1/project_1.srcs/sources_1</xilinx:tag>
        <xilinx:tag xilinx:name="ui.data.coregen.dd@19209e46_ARCHIVE_LOCATION">c:/users/tomas/escritorio/universidad/sep/proyecto/sep-grupo17/proyecto1/project_1/project_1.srcs/sources_1</xilinx:tag>
        <xilinx:tag xilinx:name="ui.data.coregen.dd@ad5b2c8_ARCHIVE_LOCATION">c:/users/tomas/escritorio/universidad/sep/proyecto/sep-grupo17/proyecto1/project_1/project_1.srcs/sources_1</xilinx:tag>
        <xilinx:tag xilinx:name="ui.data.coregen.dd@16e9022b_ARCHIVE_LOCATION">c:/Users/tomas/escritorio/Universidad/SEP/Proyecto/SEP-Grupo17/Proyecto1/project_1/project_1.srcs/sources_1</xilinx:tag>
        <xilinx:tag xilinx:name="ui.data.coregen.dd@73202dd2_ARCHIVE_LOCATION">c:/Users/tomas/escritorio/Universidad/SEP/Proyecto/SEP-Grupo17/Proyecto1/project_1/project_1.srcs/sources_1</xilinx:tag>
        <xilinx:tag xilinx:name="ui.data.coregen.dd@3365025b_ARCHIVE_LOCATION">c:/Users/tomas/escritorio/Universidad/SEP/Proyecto/SEP-Grupo17/Proyecto1/project_1/project_1.srcs/sources_1</xilinx:tag>
        <xilinx:tag xilinx:name="ui.data.coregen.dd@31815313_ARCHIVE_LOCATION">c:/Users/tomas/escritorio/Universidad/SEP/Proyecto/SEP-Grupo17/Proyecto1/project_1/project_1.srcs/sources_1</xilinx:tag>
        <xilinx:tag xilinx:name="ui.data.coregen.dd@6378840f_ARCHIVE_LOCATION">c:/Users/tomas/escritorio/Universidad/SEP/Proyecto/SEP-Grupo17/Proyecto1/project_1/project_1.srcs/sources_1</xilinx:tag>
        <xilinx:tag xilinx:name="ui.data.coregen.dd@566ef666_ARCHIVE_LOCATION">c:/Users/tomas/escritorio/Universidad/SEP/Proyecto/SEP-Grupo17/Proyecto1/project_1/project_1.srcs/sources_1</xilinx:tag>
        <xilinx:tag xilinx:name="ui.data.coregen.dd@9d720c_ARCHIVE_LOCATION">c:/Users/tomas/escritorio/Universidad/SEP/Proyecto/SEP-Grupo17/Proyecto1/project_1/project_1.srcs/sources_1</xilinx:tag>
        <xilinx:tag xilinx:name="ui.data.coregen.dd@1b3eb0c1_ARCHIVE_LOCATION">c:/Users/tomas/escritorio/Universidad/SEP/Proyecto/SEP-Grupo17/Proyecto1/project_1/project_1.srcs/sources_1</xilinx:tag>
        <xilinx:tag xilinx:name="ui.data.coregen.dd@5ac53730_ARCHIVE_LOCATION">c:/Users/tomas/escritorio/Universidad/SEP/Proyecto/SEP-Grupo17/Proyecto1/project_1/project_1.srcs/sources_1</xilinx:tag>
        <xilinx:tag xilinx:name="ui.data.coregen.dd@645c2a18_ARCHIVE_LOCATION">c:/Users/tomas/escritorio/Universidad/SEP/Proyecto/SEP-Grupo17/Proyecto1/project_1/project_1.srcs/sources_1</xilinx:tag>
        <xilinx:tag xilinx:name="ui.data.coregen.dd@e4eb3cd_ARCHIVE_LOCATION">c:/Users/tomas/escritorio/Universidad/SEP/Proyecto/SEP-Grupo17/Proyecto1/project_1/project_1.srcs/sources_1</xilinx:tag>
        <xilinx:tag xilinx:name="ui.data.coregen.dd@5a9acc34_ARCHIVE_LOCATION">c:/Users/tomas/escritorio/Universidad/SEP/Proyecto/SEP-Grupo17/Proyecto1/project_1/project_1.srcs/sources_1</xilinx:tag>
        <xilinx:tag xilinx:name="ui.data.coregen.dd@10cd2bb6_ARCHIVE_LOCATION">c:/Users/tomas/escritorio/Universidad/SEP/Proyecto/SEP-Grupo17/Proyecto1/project_1/project_1.srcs/sources_1</xilinx:tag>
        <xilinx:tag xilinx:name="ui.data.coregen.dd@7a850ee3_ARCHIVE_LOCATION">c:/Users/tomas/escritorio/Universidad/SEP/Proyecto/SEP-Grupo17/Proyecto1/project_1/project_1.srcs/sources_1</xilinx:tag>
        <xilinx:tag xilinx:name="ui.data.coregen.dd@59307213_ARCHIVE_LOCATION">c:/Users/tomas/escritorio/Universidad/SEP/Proyecto/SEP-Grupo17/Proyecto1/project_1/project_1.srcs/sources_1</xilinx:tag>
        <xilinx:tag xilinx:name="ui.data.coregen.dd@47942176_ARCHIVE_LOCATION">c:/Users/tomas/escritorio/Universidad/SEP/Proyecto/SEP-Grupo17/Proyecto1/project_1/project_1.srcs/sources_1</xilinx:tag>
        <xilinx:tag xilinx:name="ui.data.coregen.dd@3189a7a1_ARCHIVE_LOCATION">c:/Users/tomas/escritorio/Universidad/SEP/Proyecto/SEP-Grupo17/Proyecto1/project_1/project_1.srcs/sources_1</xilinx:tag>
        <xilinx:tag xilinx:name="ui.data.coregen.dd@3aa1316a_ARCHIVE_LOCATION">c:/Users/tomas/escritorio/Universidad/SEP/Proyecto/SEP-Grupo17/Proyecto1/project_1/project_1.srcs/sources_1</xilinx:tag>
        <xilinx:tag xilinx:name="ui.data.coregen.dd@20847787_ARCHIVE_LOCATION">c:/Users/tomas/escritorio/Universidad/SEP/Proyecto/SEP-Grupo17/Proyecto1/project_1/project_1.srcs/sources_1</xilinx:tag>
        <xilinx:tag xilinx:name="ui.data.coregen.dd@751ed12c_ARCHIVE_LOCATION">c:/Users/tomas/escritorio/Universidad/SEP/Proyecto/SEP-Grupo17/Proyecto1/project_1/project_1.srcs/sources_1</xilinx:tag>
        <xilinx:tag xilinx:name="ui.data.coregen.dd@2bf351b6_ARCHIVE_LOCATION">c:/Users/tomas/escritorio/Universidad/SEP/Proyecto/SEP-Grupo17/Proyecto1/project_1/project_1.srcs/sources_1</xilinx:tag>
        <xilinx:tag xilinx:name="ui.data.coregen.dd@45fa1f12_ARCHIVE_LOCATION">c:/Users/tomas/escritorio/Universidad/SEP/Proyecto/SEP-Grupo17/Proyecto1/project_1/project_1.srcs/sources_1</xilinx:tag>
        <xilinx:tag xilinx:name="ui.data.coregen.dd@5a3b5ea9_ARCHIVE_LOCATION">c:/Users/tomas/escritorio/Universidad/SEP/Proyecto/SEP-Grupo17/Proyecto1/project_1/project_1.srcs/sources_1</xilinx:tag>
        <xilinx:tag xilinx:name="ui.data.coregen.dd@3485e0a9_ARCHIVE_LOCATION">c:/Users/tomas/escritorio/Universidad/SEP/Proyecto/SEP-Grupo17/Proyecto1/project_1/project_1.srcs/sources_1</xilinx:tag>
        <xilinx:tag xilinx:name="ui.data.coregen.dd@60eab32d_ARCHIVE_LOCATION">c:/Users/tomas/escritorio/Universidad/SEP/Proyecto/SEP-Grupo17/Proyecto1/project_1/project_1.srcs/sources_1</xilinx:tag>
        <xilinx:tag xilinx:name="ui.data.coregen.dd@478406e3_ARCHIVE_LOCATION">c:/Users/tomas/escritorio/Universidad/SEP/Proyecto/SEP-Grupo17/Proyecto1/project_1/project_1.srcs/sources_1</xilinx:tag>
        <xilinx:tag xilinx:name="ui.data.coregen.dd@207be929_ARCHIVE_LOCATION">c:/Users/tomas/escritorio/Universidad/SEP/Proyecto/SEP-Grupo17/Proyecto1/project_1/project_1.srcs/sources_1</xilinx:tag>
        <xilinx:tag xilinx:name="ui.data.coregen.dd@7fea0419_ARCHIVE_LOCATION">c:/Users/tomas/escritorio/Universidad/SEP/Proyecto/SEP-Grupo17/Proyecto1/project_1/project_1.srcs/sources_1</xilinx:tag>
        <xilinx:tag xilinx:name="ui.data.coregen.dd@5dec0493_ARCHIVE_LOCATION">c:/Users/tomas/escritorio/Universidad/SEP/Proyecto/SEP-Grupo17/Proyecto1/project_1/project_1.srcs/sources_1</xilinx:tag>
        <xilinx:tag xilinx:name="ui.data.coregen.dd@6fc23382_ARCHIVE_LOCATION">c:/Users/tomas/escritorio/Universidad/SEP/Proyecto/SEP-Grupo17/Proyecto1/project_1/project_1.srcs/sources_1</xilinx:tag>
        <xilinx:tag xilinx:name="ui.data.coregen.dd@981f0aa_ARCHIVE_LOCATION">c:/Users/tomas/escritorio/Universidad/SEP/Proyecto/SEP-Grupo17/Proyecto1/project_1/project_1.srcs/sources_1</xilinx:tag>
        <xilinx:tag xilinx:name="ui.data.coregen.dd@14daa059_ARCHIVE_LOCATION">c:/Users/tomas/escritorio/Universidad/SEP/Proyecto/SEP-Grupo17/Proyecto1/project_1/project_1.srcs/sources_1</xilinx:tag>
        <xilinx:tag xilinx:name="ui.data.coregen.dd@632f3fbe_ARCHIVE_LOCATION">c:/Users/tomas/escritorio/Universidad/SEP/Proyecto/SEP-Grupo17/Proyecto1/project_1/project_1.srcs/sources_1</xilinx:tag>
        <xilinx:tag xilinx:name="ui.data.coregen.dd@558d40b5_ARCHIVE_LOCATION">c:/Users/tomas/escritorio/Universidad/SEP/Proyecto/SEP-Grupo17/Proyecto1/project_1/project_1.srcs/sources_1</xilinx:tag>
        <xilinx:tag xilinx:name="ui.data.coregen.dd@6793855a_ARCHIVE_LOCATION">c:/Users/tomas/escritorio/Universidad/SEP/Proyecto/SEP-Grupo17/Proyecto1/project_1/project_1.srcs/sources_1</xilinx:tag>
        <xilinx:tag xilinx:name="ui.data.coregen.dd@5cfb5109_ARCHIVE_LOCATION">c:/Users/tomas/escritorio/Universidad/SEP/Proyecto/SEP-Grupo17/Proyecto1/project_1/project_1.srcs/sources_1</xilinx:tag>
        <xilinx:tag xilinx:name="ui.data.coregen.dd@695b3cb9_ARCHIVE_LOCATION">c:/Users/tomas/escritorio/Universidad/SEP/Proyecto/SEP-Grupo17/Proyecto1/project_1/project_1.srcs/sources_1</xilinx:tag>
        <xilinx:tag xilinx:name="ui.data.coregen.dd@7e6d56b0_ARCHIVE_LOCATION">c:/Users/tomas/escritorio/Universidad/SEP/Proyecto/SEP-Grupo17/Proyecto1/project_1/project_1.srcs/sources_1</xilinx:tag>
        <xilinx:tag xilinx:name="ui.data.coregen.dd@6bcfb9d3_ARCHIVE_LOCATION">c:/Users/tomas/escritorio/Universidad/SEP/Proyecto/SEP-Grupo17/Proyecto1/project_1/project_1.srcs/sources_1</xilinx:tag>
      </xilinx:tags>
    </xilinx:coreExtensions>
    <xilinx:packagingInfo>
      <xilinx:xilinxVersion>2020.1</xilinx:xilinxVersion>
      <xilinx:checksum xilinx:scope="busInterfaces" xilinx:value="50102c5c"/>
      <xilinx:checksum xilinx:scope="fileGroups" xilinx:value="c1dc46d0"/>
      <xilinx:checksum xilinx:scope="ports" xilinx:value="98a3a78b"/>
      <xilinx:checksum xilinx:scope="parameters" xilinx:value="95ed111c"/>
    </xilinx:packagingInfo>
  </spirit:vendorExtensions>
</spirit:component>
